timestamp,vehicle_count,avg_count,hour,predicted_congestion
2026-02-27 20:14:10.275477,17,17,20,MEDIUM
2026-02-27 20:14:10.437731,21,19,20,MEDIUM
2026-02-27 20:14:10.504273,20,19,20,MEDIUM
2026-02-27 20:14:10.570932,19,19,20,MEDIUM
2026-02-27 20:14:10.634742,20,19,20,MEDIUM
2026-02-27 20:14:10.697800,21,19,20,MEDIUM
2026-02-27 20:14:10.761163,20,19,20,MEDIUM
2026-02-27 20:14:10.825032,17,19,20,MEDIUM
2026-02-27 20:14:10.889867,18,19,20,MEDIUM
2026-02-27 20:14:10.961183,18,19,20,MEDIUM
2026-02-27 20:14:11.029671,19,19,20,MEDIUM
2026-02-27 20:14:11.091486,21,19,20,MEDIUM
2026-02-27 20:14:11.161510,19,19,20,MEDIUM
2026-02-27 20:14:11.228117,20,19,20,MEDIUM
2026-02-27 20:14:11.289919,20,19,20,MEDIUM
2026-02-27 20:14:11.355743,20,19,20,MEDIUM
2026-02-27 20:14:11.421100,23,19,20,MEDIUM
2026-02-27 20:14:11.482479,21,19,20,MEDIUM
2026-02-27 20:14:11.545568,21,19,20,MEDIUM
2026-02-27 20:14:11.609214,19,19,20,MEDIUM
2026-02-27 20:14:11.671758,22,19,20,MEDIUM
2026-02-27 20:14:13.998332,23,20,20,MEDIUM
2026-02-27 20:14:14.059251,21,20,20,MEDIUM
2026-02-27 20:14:14.122243,19,20,20,MEDIUM
2026-02-27 20:14:14.187842,19,20,20,MEDIUM
2026-02-27 20:14:14.253217,18,19,20,MEDIUM
2026-02-27 20:14:14.322840,17,19,20,MEDIUM
2026-02-27 20:14:14.388632,16,19,20,MEDIUM
2026-02-27 20:14:14.457106,18,19,20,MEDIUM
2026-02-27 20:14:14.520702,16,19,20,MEDIUM
2026-02-27 20:14:14.590104,17,19,20,MEDIUM
2026-02-27 20:14:14.651518,16,19,20,MEDIUM
2026-02-27 20:14:14.719202,17,19,20,MEDIUM
2026-02-27 20:14:14.785941,15,18,20,MEDIUM
2026-02-27 20:14:14.855226,16,18,20,MEDIUM
2026-02-27 20:14:14.925228,15,18,20,MEDIUM
2026-02-27 20:14:14.996186,18,18,20,MEDIUM
2026-02-27 20:14:15.064121,17,18,20,MEDIUM
2026-02-27 20:14:15.134211,15,17,20,MEDIUM
2026-02-27 20:14:15.215966,16,17,20,MEDIUM
2026-02-27 20:14:15.281489,15,17,20,MEDIUM
2026-02-27 20:14:15.344563,14,16,20,MEDIUM
2026-02-27 20:14:15.410392,14,16,20,MEDIUM
2026-02-27 20:14:15.481159,14,16,20,MEDIUM
2026-02-27 20:14:15.543349,16,16,20,MEDIUM
2026-02-27 20:14:15.608214,14,15,20,LOW
2026-02-27 20:14:15.675155,14,15,20,LOW
2026-02-27 20:14:15.741305,14,15,20,LOW
2026-02-27 20:14:15.804784,16,15,20,LOW
2026-02-27 20:14:15.871226,17,15,20,LOW
2026-02-27 20:14:15.942217,15,15,20,LOW
2026-02-27 20:14:16.013001,15,15,20,LOW
2026-02-27 20:14:16.072906,16,15,20,LOW
2026-02-27 20:14:16.141293,15,15,20,LOW
2026-02-27 20:14:16.208789,16,15,20,LOW
2026-02-27 20:14:16.268845,15,15,20,LOW
2026-02-27 20:14:16.331273,16,15,20,LOW
2026-02-27 20:14:16.400865,14,15,20,LOW
2026-02-27 20:14:16.467987,15,15,20,LOW
2026-02-27 20:14:16.533891,12,14,20,LOW
2026-02-27 20:14:16.597059,13,14,20,LOW
2026-02-27 20:14:16.660936,13,14,20,LOW
2026-02-27 20:14:16.730235,14,14,20,LOW
2026-02-27 20:14:16.787669,14,14,20,LOW
2026-02-27 20:14:16.856916,13,14,20,LOW
2026-02-27 20:14:16.922035,13,14,20,LOW
2026-02-27 20:14:16.987767,14,14,20,LOW
2026-02-27 20:14:17.055023,14,14,20,LOW
2026-02-27 20:14:17.122969,14,14,20,LOW
2026-02-27 20:14:17.196836,14,14,20,LOW
2026-02-27 20:14:17.268940,14,14,20,LOW
2026-02-27 20:14:17.334372,15,14,20,LOW
2026-02-27 20:14:17.406401,15,14,20,LOW
2026-02-27 20:14:17.475502,15,14,20,LOW
2026-02-27 20:14:17.543959,15,14,20,LOW
2026-02-27 20:14:17.608138,15,14,20,LOW
2026-02-27 20:14:17.669720,16,14,20,LOW
2026-02-27 20:14:17.740457,14,14,20,LOW
2026-02-27 20:14:17.807411,14,14,20,LOW
2026-02-27 20:14:17.883778,14,14,20,LOW
2026-02-27 20:14:17.954984,15,14,20,LOW
2026-02-27 20:14:18.019712,15,14,20,LOW
2026-02-27 20:14:18.083016,14,14,20,LOW
2026-02-27 20:14:18.144502,14,14,20,LOW
2026-02-27 20:14:18.204159,16,14,20,LOW
2026-02-27 20:14:30.751384,16,14,20,LOW
2026-02-27 20:14:30.812144,16,14,20,LOW
2026-02-27 20:14:30.869937,13,14,20,LOW
2026-02-27 20:14:30.929442,12,14,20,LOW
2026-02-27 20:14:30.990835,12,14,20,LOW
2026-02-27 20:14:31.049124,13,14,20,LOW
2026-02-27 20:14:31.109933,14,14,20,LOW
2026-02-27 20:14:31.173459,14,14,20,LOW
2026-02-27 20:14:31.234357,15,14,20,LOW
2026-02-27 20:14:31.296009,12,14,20,LOW
2026-02-27 20:14:31.362199,14,14,20,LOW
2026-02-27 20:14:31.428533,15,14,20,LOW
2026-02-27 20:14:31.490107,14,14,20,LOW
2026-02-27 20:14:31.551801,14,14,20,LOW
2026-02-27 20:14:31.612055,13,14,20,LOW
2026-02-27 20:14:31.672842,15,14,20,LOW
2026-02-27 20:14:31.733556,12,13,20,LOW
2026-02-27 20:14:31.792211,12,13,20,LOW
2026-02-27 20:14:31.850377,14,13,20,LOW
2026-02-27 20:14:31.908558,11,13,20,LOW
2026-02-27 20:14:31.967301,13,13,20,LOW
2026-02-27 20:14:32.027746,12,13,20,LOW
2026-02-27 20:14:32.086101,14,13,20,LOW
2026-02-27 20:14:32.148184,15,13,20,LOW
2026-02-27 20:14:32.208920,16,13,20,LOW
2026-02-27 20:14:32.267291,13,13,20,LOW
2026-02-27 20:14:32.327635,13,13,20,LOW
2026-02-27 20:14:32.384906,14,13,20,LOW
2026-02-27 20:14:32.444614,15,13,20,LOW
2026-02-27 20:14:32.506541,13,13,20,LOW
2026-02-27 20:14:32.569058,13,13,20,LOW
2026-02-27 20:14:32.629213,13,13,20,LOW
2026-02-27 20:14:32.689423,14,13,20,LOW
2026-02-27 20:14:32.752754,16,13,20,LOW
2026-02-27 20:14:32.816883,16,13,20,LOW
2026-02-27 20:14:32.880148,16,13,20,LOW
2026-02-27 20:14:32.941082,16,13,20,LOW
2026-02-27 20:14:33.002706,16,14,20,LOW
2026-02-27 20:14:33.063834,16,14,20,LOW
2026-02-27 20:14:33.139002,13,14,20,LOW
2026-02-27 20:14:33.196749,16,14,20,LOW
2026-02-27 20:14:33.255874,16,14,20,LOW
2026-02-27 20:14:33.317108,14,14,20,LOW
2026-02-27 20:14:33.378168,15,14,20,LOW
2026-02-27 20:14:33.439310,15,14,20,LOW
2026-02-27 20:14:33.499217,13,14,20,LOW
2026-02-27 20:14:33.558397,17,14,20,LOW
2026-02-27 20:14:33.621061,14,14,20,LOW
2026-02-27 20:14:33.683713,15,14,20,LOW
2026-02-27 20:14:33.748904,13,14,20,LOW
2026-02-27 20:14:33.812389,12,14,20,LOW
2026-02-27 20:14:33.874140,11,14,20,LOW
2026-02-27 20:14:33.933931,14,14,20,LOW
2026-02-27 20:14:33.999644,13,14,20,LOW
2026-02-27 20:14:34.059391,14,14,20,LOW
2026-02-27 20:14:34.116012,13,14,20,LOW
2026-02-27 20:14:34.177153,13,14,20,LOW
2026-02-27 20:14:34.234672,15,14,20,LOW
2026-02-27 20:14:34.297873,13,13,20,LOW
2026-02-27 20:14:34.356368,14,14,20,LOW
2026-02-27 20:14:34.414548,14,13,20,LOW
2026-02-27 20:14:34.477702,15,13,20,LOW
2026-02-27 20:14:34.535152,14,13,20,LOW
2026-02-27 20:14:34.596676,15,13,20,LOW
2026-02-27 20:14:34.656123,12,13,20,LOW
2026-02-27 20:14:34.715127,18,13,20,LOW
2026-02-27 20:14:34.775178,16,13,20,LOW
2026-02-27 20:14:34.839508,17,14,20,LOW
2026-02-27 20:14:34.900548,18,14,20,LOW
2026-02-27 20:14:34.964669,16,14,20,LOW
2026-02-27 20:14:35.028982,15,14,20,LOW
2026-02-27 20:14:35.087207,15,14,20,LOW
2026-02-27 20:14:35.148845,16,14,20,LOW
2026-02-27 20:14:35.209605,15,14,20,LOW
2026-02-27 20:14:35.274020,16,15,20,LOW
2026-02-27 20:14:35.337018,18,15,20,LOW
2026-02-27 20:14:35.395581,16,15,20,LOW
2026-02-27 20:14:35.455358,13,15,20,LOW
2026-02-27 20:14:35.516347,15,15,20,LOW
2026-02-27 20:14:35.580770,13,15,20,LOW
2026-02-27 20:14:35.644081,15,15,20,LOW
2026-02-27 20:14:35.707321,13,15,20,LOW
2026-02-27 20:14:35.776772,17,15,20,LOW
2026-02-27 20:14:35.839186,16,15,20,LOW
2026-02-27 20:14:35.903026,15,15,20,LOW
2026-02-27 20:14:35.967220,16,15,20,LOW
2026-02-27 20:14:36.027491,15,15,20,LOW
2026-02-27 20:14:36.088434,13,15,20,LOW
2026-02-27 20:14:36.151243,12,15,20,LOW
2026-02-27 20:14:36.216619,12,14,20,LOW
2026-02-27 20:14:36.274771,14,14,20,LOW
2026-02-27 20:14:36.332047,15,14,20,LOW
2026-02-27 20:14:36.391052,17,14,20,LOW
2026-02-27 20:14:36.451355,14,14,20,LOW
2026-02-27 20:14:36.515161,17,14,20,LOW
2026-02-27 20:14:36.577958,13,14,20,LOW
2026-02-27 20:14:36.637652,13,14,20,LOW
2026-02-27 20:14:36.699475,12,14,20,LOW
2026-02-27 20:14:36.761564,13,14,20,LOW
2026-02-27 20:14:36.821690,12,14,20,LOW
2026-02-27 20:14:36.884188,14,14,20,LOW
2026-02-27 20:14:36.947854,11,14,20,LOW
2026-02-27 20:14:37.007247,14,13,20,LOW
2026-02-27 20:14:37.070142,12,13,20,LOW
2026-02-27 20:14:37.129133,14,13,20,LOW
2026-02-27 20:14:37.189014,13,13,20,LOW
2026-02-27 20:14:37.252787,12,13,20,LOW
2026-02-27 20:14:37.316127,10,13,20,LOW
2026-02-27 20:14:37.380491,9,13,20,LOW
2026-02-27 20:14:37.443011,15,13,20,LOW
2026-02-27 20:14:37.505478,13,13,20,LOW
2026-02-27 20:14:37.566448,13,13,20,LOW
2026-02-27 20:14:37.630408,13,12,20,LOW
2026-02-27 20:14:37.695746,10,12,20,LOW
2026-02-27 20:14:37.754506,12,12,20,LOW
2026-02-27 20:14:37.815355,10,12,20,LOW
2026-02-27 20:14:37.877861,8,12,20,LOW
2026-02-27 20:14:37.939756,12,12,20,LOW
2026-02-27 20:14:37.998389,11,11,20,LOW
2026-02-27 20:14:38.056003,10,11,20,LOW
2026-02-27 20:14:38.120055,12,11,20,LOW
2026-02-27 20:14:38.183706,14,11,20,LOW
2026-02-27 20:14:38.248390,14,11,20,LOW
2026-02-27 20:14:38.308619,14,11,20,LOW
2026-02-27 20:14:38.373889,16,12,20,LOW
2026-02-27 20:14:38.438544,17,12,20,LOW
2026-02-27 20:14:38.513681,17,12,20,LOW
2026-02-27 20:14:38.575420,19,12,20,LOW
2026-02-27 20:14:38.645908,16,13,20,LOW
2026-02-27 20:14:38.712657,17,13,20,LOW
2026-02-27 20:14:38.781346,18,13,20,LOW
2026-02-27 20:14:38.846457,17,13,20,LOW
2026-02-27 20:14:38.913065,17,14,20,LOW
2026-02-27 20:14:38.976065,16,14,20,LOW
2026-02-27 20:14:39.037694,18,14,20,LOW
2026-02-27 20:14:39.101981,18,15,20,LOW
2026-02-27 20:14:39.163494,19,15,20,LOW
2026-02-27 20:14:39.225130,18,15,20,LOW
2026-02-27 20:14:39.286325,18,16,20,MEDIUM
2026-02-27 20:14:39.353904,19,16,20,MEDIUM
2026-02-27 20:14:39.420413,17,16,20,MEDIUM
2026-02-27 20:14:39.487523,17,17,20,MEDIUM
2026-02-27 20:14:39.553273,17,17,20,MEDIUM
2026-02-27 20:14:39.617514,19,17,20,MEDIUM
2026-02-27 20:14:39.682880,19,17,20,MEDIUM
2026-02-27 20:14:39.751386,17,17,20,MEDIUM
2026-02-27 20:14:39.817041,18,17,20,MEDIUM
2026-02-27 20:14:39.880058,14,17,20,MEDIUM
2026-02-27 20:14:39.937735,14,17,20,MEDIUM
2026-02-27 20:14:40.000048,17,17,20,MEDIUM
2026-02-27 20:14:40.064983,15,17,20,MEDIUM
2026-02-27 20:14:40.129582,14,17,20,MEDIUM
2026-02-27 20:14:40.194753,16,17,20,MEDIUM
2026-02-27 20:14:40.261104,13,16,20,MEDIUM
2026-02-27 20:14:40.322389,14,16,20,MEDIUM
2026-02-27 20:14:40.383598,12,16,20,MEDIUM
2026-02-27 20:14:40.443125,12,16,20,MEDIUM
2026-02-27 20:14:40.506403,15,15,20,LOW
2026-02-27 20:14:40.569645,13,15,20,LOW
2026-02-27 20:14:40.634564,13,15,20,LOW
2026-02-27 20:14:40.694805,14,15,20,LOW
2026-02-27 20:14:40.757163,12,14,20,LOW
2026-02-27 20:14:40.818488,16,14,20,LOW
2026-02-27 20:14:40.878935,14,14,20,LOW
2026-02-27 20:14:40.938282,14,14,20,LOW
2026-02-27 20:14:41.001444,15,14,20,LOW
2026-02-27 20:14:41.063341,15,14,20,LOW
2026-02-27 20:14:41.121230,14,14,20,LOW
2026-02-27 20:14:41.181189,15,14,20,LOW
2026-02-27 20:14:41.242579,13,13,20,LOW
2026-02-27 20:14:41.308072,14,13,20,LOW
2026-02-27 20:14:41.375538,14,13,20,LOW
2026-02-27 20:14:41.435111,15,13,20,LOW
2026-02-27 20:14:41.493502,15,13,20,LOW
2026-02-27 20:14:41.556697,15,14,20,LOW
2026-02-27 20:14:41.615850,15,14,20,LOW
2026-02-27 20:14:41.678779,17,14,20,LOW
2026-02-27 20:14:41.738759,17,14,20,LOW
2026-02-27 20:14:41.800529,15,14,20,LOW
2026-02-27 20:14:41.860522,17,14,20,LOW
2026-02-27 20:14:41.919027,17,14,20,LOW
2026-02-27 20:14:41.983057,15,15,20,LOW
2026-02-27 20:14:42.044399,16,15,20,LOW
2026-02-27 20:14:42.106978,15,15,20,LOW
2026-02-27 20:14:42.166759,16,15,20,LOW
2026-02-27 20:14:42.227557,16,15,20,LOW
2026-02-27 20:14:42.287996,16,15,20,LOW
2026-02-27 20:14:42.348292,15,15,20,LOW
2026-02-27 20:14:42.413535,13,15,20,LOW
2026-02-27 20:14:42.486101,14,15,20,LOW
2026-02-27 20:14:42.554592,13,15,20,LOW
2026-02-27 20:14:42.622908,13,15,20,LOW
2026-02-27 20:14:42.692109,15,15,20,LOW
2026-02-27 20:14:42.760016,16,15,20,LOW
2026-02-27 20:14:42.823670,16,15,20,LOW
2026-02-27 20:14:42.888223,15,15,20,LOW
2026-02-27 20:14:42.951942,14,15,20,LOW
2026-02-27 20:14:43.017207,11,14,20,LOW
2026-02-27 20:14:43.079948,12,14,20,LOW
2026-02-27 20:14:43.144329,13,14,20,LOW
2026-02-27 20:14:43.209295,13,14,20,LOW
2026-02-27 20:14:43.273193,15,14,20,LOW
2026-02-27 20:14:43.340940,17,14,20,LOW
2026-02-27 20:14:43.413363,16,14,20,LOW
2026-02-27 20:14:43.478476,12,14,20,LOW
2026-02-27 20:14:43.538313,12,14,20,LOW
2026-02-27 20:14:43.595711,13,13,20,LOW
2026-02-27 20:14:43.658945,13,13,20,LOW
2026-02-27 20:14:43.722403,14,13,20,LOW
2026-02-27 20:14:43.783853,14,13,20,LOW
2026-02-27 20:14:43.847009,14,13,20,LOW
2026-02-27 20:14:43.906573,15,14,20,LOW
2026-02-27 20:14:43.964412,14,13,20,LOW
2026-02-27 20:14:44.024625,14,13,20,LOW
2026-02-27 20:14:44.094721,14,13,20,LOW
2026-02-27 20:14:44.155660,14,13,20,LOW
2026-02-27 20:14:44.217862,14,13,20,LOW
2026-02-27 20:14:44.280222,12,13,20,LOW
2026-02-27 20:14:44.346185,10,13,20,LOW
2026-02-27 20:14:44.409892,12,13,20,LOW
2026-02-27 20:14:44.477451,11,13,20,LOW
2026-02-27 20:14:44.540168,12,13,20,LOW
2026-02-27 20:14:44.599525,12,13,20,LOW
2026-02-27 20:14:44.664522,12,12,20,LOW
2026-02-27 20:14:44.727095,11,12,20,LOW
2026-02-27 20:14:44.787726,12,12,20,LOW
2026-02-27 20:14:44.846699,11,12,20,LOW
2026-02-27 20:14:44.907043,13,12,20,LOW
2026-02-27 20:14:44.970578,13,12,20,LOW
2026-02-27 20:14:45.030002,13,12,20,LOW
2026-02-27 20:14:45.094410,11,12,20,LOW
2026-02-27 20:14:45.157381,12,12,20,LOW
2026-02-27 20:14:45.217007,12,12,20,LOW
2026-02-27 20:14:45.278926,12,12,20,LOW
2026-02-27 20:14:45.340909,11,12,20,LOW
2026-02-27 20:14:45.397690,13,11,20,LOW
2026-02-27 20:14:45.465807,11,11,20,LOW
2026-02-27 20:14:45.528391,13,11,20,LOW
2026-02-27 20:14:45.587766,14,12,20,LOW
2026-02-27 20:14:45.647156,11,12,20,LOW
2026-02-27 20:14:45.706212,11,12,20,LOW
2026-02-27 20:14:45.764735,10,11,20,LOW
2026-02-27 20:14:45.823510,12,11,20,LOW
2026-02-27 20:14:45.885638,11,11,20,LOW
2026-02-27 20:14:45.947783,13,11,20,LOW
2026-02-27 20:14:46.012036,10,11,20,LOW
2026-02-27 20:14:46.074866,11,11,20,LOW
2026-02-27 20:14:46.137308,11,11,20,LOW
2026-02-27 20:14:46.194985,10,11,20,LOW
2026-02-27 20:14:46.250848,11,11,20,LOW
2026-02-27 20:14:46.310881,12,11,20,LOW
2026-02-27 20:14:46.370948,10,11,20,LOW
2026-02-27 20:14:46.430111,9,11,20,LOW
2026-02-27 20:14:46.491059,11,11,20,LOW
2026-02-27 20:14:46.555629,12,11,20,LOW
2026-02-27 20:14:46.613459,10,11,20,LOW
2026-02-27 20:14:46.672557,9,11,20,LOW
2026-02-27 20:14:46.735530,12,11,20,LOW
2026-02-27 20:14:46.797835,8,10,20,LOW
2026-02-27 20:14:46.858323,10,10,20,LOW
2026-02-27 20:14:46.936382,13,10,20,LOW
2026-02-27 20:14:46.997784,16,11,20,LOW
2026-02-27 20:14:47.054869,14,11,20,LOW
2026-02-27 20:14:47.114799,14,11,20,LOW
2026-02-27 20:14:47.177318,13,11,20,LOW
2026-02-27 20:14:47.241145,13,11,20,LOW
2026-02-27 20:14:47.297848,15,11,20,LOW
2026-02-27 20:14:47.359112,10,11,20,LOW
2026-02-27 20:14:47.417358,11,11,20,LOW
2026-02-27 20:14:47.475981,10,11,20,LOW
2026-02-27 20:14:47.533072,12,11,20,LOW
2026-02-27 20:14:47.590267,13,11,20,LOW
2026-02-27 20:14:47.651649,13,11,20,LOW
2026-02-27 20:14:47.716995,13,12,20,LOW
2026-02-27 20:14:47.779208,12,12,20,LOW
2026-02-27 20:14:47.837825,12,12,20,LOW
2026-02-27 20:14:47.896200,14,12,20,LOW
2026-02-27 20:14:47.957516,11,12,20,LOW
2026-02-27 20:14:48.014858,11,12,20,LOW
2026-02-27 20:14:48.077174,12,12,20,LOW
2026-02-27 20:14:48.137552,12,12,20,LOW
2026-02-27 20:14:48.192458,12,12,20,LOW
2026-02-27 20:14:48.253084,11,12,20,LOW
2026-02-27 20:14:48.313907,13,12,20,LOW
2026-02-27 20:14:48.373672,13,12,20,LOW
2026-02-27 20:14:48.430870,13,12,20,LOW
2026-02-27 20:14:48.489411,14,12,20,LOW
2026-02-27 20:14:48.549276,12,12,20,LOW
2026-02-27 20:14:48.607354,16,12,20,LOW
2026-02-27 20:14:48.664104,16,12,20,LOW
2026-02-27 20:14:48.726392,15,12,20,LOW
2026-02-27 20:14:48.786355,15,13,20,LOW
2026-02-27 20:14:48.849886,14,13,20,LOW
2026-02-27 20:14:48.913589,14,13,20,LOW
2026-02-27 20:14:48.985991,13,13,20,LOW
2026-02-27 20:14:49.049069,13,13,20,LOW
2026-02-27 20:14:49.107455,12,13,20,LOW
2026-02-27 20:14:49.163386,14,13,20,LOW
2026-02-27 20:14:49.224907,13,13,20,LOW
2026-02-27 20:14:49.287731,12,13,20,LOW
2026-02-27 20:14:49.351486,12,13,20,LOW
2026-02-27 20:14:49.410894,12,13,20,LOW
2026-02-27 20:14:49.471481,11,13,20,LOW
2026-02-27 20:14:49.527199,13,13,20,LOW
2026-02-27 20:14:49.592977,14,13,20,LOW
2026-02-27 20:14:49.654696,17,13,20,LOW
2026-02-27 20:14:49.713465,16,13,20,LOW
2026-02-27 20:14:49.775014,15,13,20,LOW
2026-02-27 20:14:49.835804,14,13,20,LOW
2026-02-27 20:14:49.898098,15,13,20,LOW
2026-02-27 20:14:49.961673,15,13,20,LOW
2026-02-27 20:14:50.020890,15,13,20,LOW
2026-02-27 20:14:50.079159,11,13,20,LOW
2026-02-27 20:14:50.143704,12,13,20,LOW
2026-02-27 20:14:50.208875,13,13,20,LOW
2026-02-27 20:14:50.272088,12,13,20,LOW
2026-02-27 20:14:50.332645,15,13,20,LOW
2026-02-27 20:14:50.391394,16,13,20,LOW
2026-02-27 20:14:50.451405,15,13,20,LOW
2026-02-27 20:14:50.517192,17,14,20,LOW
2026-02-27 20:14:50.577164,15,14,20,LOW
2026-02-27 20:14:50.639493,13,14,20,LOW
2026-02-27 20:14:50.702963,13,14,20,LOW
2026-02-27 20:14:50.767167,17,14,20,LOW
2026-02-27 20:14:50.836374,18,14,20,LOW
2026-02-27 20:14:50.902957,18,14,20,LOW
2026-02-27 20:14:50.966370,18,14,20,LOW
2026-02-27 20:14:51.028272,21,15,20,LOW
2026-02-27 20:14:51.090712,18,15,20,LOW
2026-02-27 20:14:51.157606,17,15,20,LOW
2026-02-27 20:14:51.220319,16,15,20,LOW
2026-02-27 20:14:51.280469,15,15,20,LOW
2026-02-27 20:14:51.343143,16,15,20,LOW
2026-02-27 20:14:51.407619,14,15,20,LOW
2026-02-27 20:14:51.476854,17,16,20,MEDIUM
2026-02-27 20:14:51.536978,17,16,20,MEDIUM
2026-02-27 20:14:51.598160,16,16,20,MEDIUM
2026-02-27 20:14:51.657895,18,16,20,MEDIUM
2026-02-27 20:14:51.718758,17,16,20,MEDIUM
2026-02-27 20:14:51.783689,20,16,20,MEDIUM
2026-02-27 20:14:51.856898,19,16,20,MEDIUM
2026-02-27 20:14:51.920057,16,17,20,MEDIUM
2026-02-27 20:14:51.984799,16,17,20,MEDIUM
2026-02-27 20:14:52.043138,19,17,20,MEDIUM
2026-02-27 20:14:52.111619,17,17,20,MEDIUM
2026-02-27 20:14:52.176159,16,17,20,MEDIUM
2026-02-27 20:14:52.237506,19,17,20,MEDIUM
2026-02-27 20:14:52.300175,16,16,20,MEDIUM
2026-02-27 20:14:52.363773,17,16,20,MEDIUM
2026-02-27 20:14:52.429532,15,16,20,MEDIUM
2026-02-27 20:14:52.497121,15,16,20,MEDIUM
2026-02-27 20:14:52.561865,16,16,20,MEDIUM
2026-02-27 20:14:52.626401,17,16,20,MEDIUM
2026-02-27 20:14:52.689583,14,16,20,MEDIUM
2026-02-27 20:14:52.749895,13,16,20,MEDIUM
2026-02-27 20:14:52.814833,13,16,20,MEDIUM
2026-02-27 20:14:52.877514,14,16,20,MEDIUM
2026-02-27 20:14:52.940700,15,16,20,MEDIUM
2026-02-27 20:14:53.009274,14,16,20,MEDIUM
2026-02-27 20:14:53.067159,13,15,20,LOW
2026-02-27 20:14:53.125639,12,15,20,LOW
2026-02-27 20:14:53.185111,14,15,20,LOW
2026-02-27 20:14:53.249611,12,15,20,LOW
2026-02-27 20:14:53.311157,13,14,20,LOW
2026-02-27 20:14:53.373393,14,14,20,LOW
2026-02-27 20:14:53.432941,13,14,20,LOW
2026-02-27 20:14:53.493429,16,14,20,LOW
2026-02-27 20:14:53.557904,16,14,20,LOW
2026-02-27 20:14:53.618001,16,14,20,LOW
2026-02-27 20:14:53.679700,16,14,20,LOW
2026-02-27 20:14:53.742007,15,14,20,LOW
2026-02-27 20:14:53.802548,14,14,20,LOW
2026-02-27 20:14:53.863658,15,14,20,LOW
2026-02-27 20:14:53.926676,15,14,20,LOW
2026-02-27 20:14:53.985230,12,14,20,LOW
2026-02-27 20:14:54.053140,15,14,20,LOW
2026-02-27 20:14:54.116914,13,14,20,LOW
2026-02-27 20:14:54.172812,12,14,20,LOW
2026-02-27 20:14:54.232372,13,13,20,LOW
2026-02-27 20:14:54.291288,13,13,20,LOW
2026-02-27 20:14:54.351169,15,14,20,LOW
2026-02-27 20:14:54.414364,17,14,20,LOW
2026-02-27 20:14:54.480888,14,14,20,LOW
2026-02-27 20:14:54.543892,11,14,20,LOW
2026-02-27 20:14:54.609240,13,14,20,LOW
2026-02-27 20:14:54.685679,13,14,20,LOW
2026-02-27 20:14:54.750942,13,14,20,LOW
2026-02-27 20:14:54.812719,14,13,20,LOW
2026-02-27 20:14:54.873958,13,13,20,LOW
2026-02-27 20:14:54.933742,12,13,20,LOW
2026-02-27 20:14:54.996456,12,13,20,LOW
2026-02-27 20:14:55.057739,11,13,20,LOW
2026-02-27 20:14:55.116618,11,13,20,LOW
2026-02-27 20:14:55.174876,11,12,20,LOW
2026-02-27 20:14:55.233472,12,12,20,LOW
2026-02-27 20:14:55.293580,13,12,20,LOW
2026-02-27 20:14:55.355716,10,12,20,LOW
2026-02-27 20:14:55.421007,10,12,20,LOW
2026-02-27 20:14:55.482590,8,12,20,LOW
2026-02-27 20:14:55.542042,9,12,20,LOW
2026-02-27 20:14:55.606903,10,11,20,LOW
2026-02-27 20:14:55.666255,8,11,20,LOW
2026-02-27 20:14:55.725534,8,11,20,LOW
2026-02-27 20:14:55.783493,8,10,20,LOW
2026-02-27 20:14:55.839398,8,10,20,LOW
2026-02-27 20:14:55.897989,10,10,20,LOW
2026-02-27 20:14:55.961658,11,10,20,LOW
2026-02-27 20:14:56.024428,9,10,20,LOW
2026-02-27 20:14:56.085257,7,9,20,LOW
2026-02-27 20:14:56.145129,9,9,20,LOW
2026-02-27 20:14:56.203221,9,9,20,LOW
2026-02-27 20:14:56.259951,7,9,20,LOW
2026-02-27 20:14:56.322664,12,9,20,LOW
2026-02-27 20:14:56.380391,6,9,20,LOW
2026-02-27 20:14:56.440033,7,8,20,LOW
2026-02-27 20:14:56.496877,10,8,20,LOW
2026-02-27 20:14:56.556649,7,8,20,LOW
2026-02-27 20:14:56.614503,9,8,20,LOW
2026-02-27 20:14:56.674903,9,8,20,LOW
2026-02-27 20:14:56.730046,9,8,20,LOW
2026-02-27 20:14:56.789393,9,8,20,LOW
2026-02-27 20:14:56.847075,8,8,20,LOW
2026-02-27 20:14:56.902169,10,8,20,LOW
2026-02-27 20:14:56.959398,10,8,20,LOW
2026-02-27 20:14:57.017934,10,8,20,LOW
2026-02-27 20:14:57.080063,9,8,20,LOW
2026-02-27 20:14:57.138520,11,8,20,LOW
2026-02-27 20:14:57.194864,9,8,20,LOW
2026-02-27 20:14:57.252264,10,9,20,LOW
2026-02-27 20:14:57.309930,11,9,20,LOW
2026-02-27 20:14:57.381789,11,9,20,LOW
2026-02-27 20:14:57.443628,10,9,20,LOW
2026-02-27 20:14:57.500901,11,9,20,LOW
2026-02-27 20:14:57.560776,9,9,20,LOW
2026-02-27 20:14:57.622281,9,9,20,LOW
2026-02-27 20:14:57.679759,9,9,20,LOW
2026-02-27 20:14:57.737363,9,9,20,LOW
2026-02-27 20:14:57.797148,8,9,20,LOW
2026-02-27 20:14:57.856722,9,9,20,LOW
2026-02-27 20:14:57.919821,8,9,20,LOW
2026-02-27 20:14:57.981366,8,9,20,LOW
2026-02-27 20:14:58.040413,6,9,20,LOW
2026-02-27 20:14:58.100713,6,9,20,LOW
2026-02-27 20:14:58.162464,6,8,20,LOW
2026-02-27 20:14:58.219068,5,8,20,LOW
2026-02-27 20:14:58.281783,6,8,20,LOW
2026-02-27 20:14:58.347412,6,8,20,LOW
2026-02-27 20:14:58.401678,6,8,20,LOW
2026-02-27 20:14:58.459349,6,7,20,LOW
2026-02-27 20:14:58.513403,6,7,20,LOW
2026-02-27 20:14:58.567867,5,7,20,LOW
2026-02-27 20:14:58.627263,6,7,20,LOW
2026-02-27 20:14:58.683803,7,7,20,LOW
2026-02-27 20:14:58.741714,7,6,20,LOW
2026-02-27 20:14:58.802157,6,6,20,LOW
2026-02-27 20:14:58.862926,6,6,20,LOW
2026-02-27 20:14:58.924124,6,6,20,LOW
2026-02-27 20:14:58.988093,7,6,20,LOW
2026-02-27 20:14:59.048118,7,6,20,LOW
2026-02-27 20:14:59.107955,8,6,20,LOW
2026-02-27 20:14:59.162920,8,6,20,LOW
2026-02-27 20:14:59.220101,9,6,20,LOW
2026-02-27 20:14:59.281750,7,6,20,LOW
2026-02-27 20:14:59.341398,8,6,20,LOW
2026-02-27 20:14:59.397440,7,6,20,LOW
2026-02-27 20:14:59.457480,5,6,20,LOW
2026-02-27 20:14:59.514371,5,6,20,LOW
2026-02-27 20:14:59.570296,7,6,20,LOW
2026-02-27 20:14:59.629694,7,6,20,LOW
2026-02-27 20:14:59.690163,7,6,20,LOW
2026-02-27 20:14:59.749840,7,6,20,LOW
2026-02-27 20:14:59.810394,7,6,20,LOW
2026-02-27 20:14:59.865093,5,6,20,LOW
2026-02-27 20:14:59.918720,6,6,20,LOW
2026-02-27 20:14:59.977168,8,6,20,LOW
2026-02-27 20:15:00.045275,8,6,20,LOW
2026-02-27 20:15:00.101603,9,7,20,LOW
2026-02-27 20:15:00.159831,5,7,20,LOW
2026-02-27 20:15:00.214751,5,6,20,LOW
2026-02-27 20:15:00.267364,4,6,20,LOW
2026-02-27 20:15:00.322924,7,6,20,LOW
2026-02-27 20:15:00.382503,5,6,20,LOW
2026-02-27 20:15:00.437725,5,6,20,LOW
2026-02-27 20:15:00.495977,6,6,20,LOW
2026-02-27 20:15:00.554547,6,6,20,LOW
2026-02-27 20:15:00.612257,3,6,20,LOW
2026-02-27 20:15:00.669964,5,6,20,LOW
2026-02-27 20:15:00.728806,6,6,20,LOW
2026-02-27 20:15:00.784055,5,5,20,LOW
2026-02-27 20:15:00.841560,4,5,20,LOW
2026-02-27 20:15:00.897226,4,5,20,LOW
2026-02-27 20:15:00.950121,5,5,20,LOW
2026-02-27 20:15:01.007297,5,5,20,LOW
2026-02-27 20:15:01.065066,5,5,20,LOW
2026-02-27 20:15:01.121084,5,5,20,LOW
2026-02-27 20:15:01.177437,6,5,20,LOW
2026-02-27 20:15:01.232997,5,5,20,LOW
2026-02-27 20:15:01.288568,6,5,20,LOW
2026-02-27 20:15:01.344854,6,5,20,LOW
2026-02-27 20:15:01.405539,6,5,20,LOW
2026-02-27 20:15:01.462383,5,5,20,LOW
2026-02-27 20:15:01.517328,6,5,20,LOW
2026-02-27 20:15:01.572219,6,5,20,LOW
2026-02-27 20:15:01.629660,5,5,20,LOW
2026-02-27 20:15:01.684804,5,5,20,LOW
2026-02-27 20:15:01.739397,3,5,20,LOW
2026-02-27 20:15:01.799352,5,5,20,LOW
2026-02-27 20:15:01.854226,6,5,20,LOW
2026-02-27 20:15:01.916201,5,5,20,LOW
2026-02-27 20:15:01.973474,4,5,20,LOW
2026-02-27 20:15:02.029733,5,5,20,LOW
2026-02-27 20:15:02.085367,5,5,20,LOW
2026-02-27 20:15:02.146824,5,5,20,LOW
2026-02-27 20:15:02.204011,5,5,20,LOW
2026-02-27 20:15:02.259410,6,5,20,LOW
2026-02-27 20:15:02.314146,5,5,20,LOW
2026-02-27 20:15:02.372280,4,5,20,LOW
2026-02-27 20:15:02.431884,4,5,20,LOW
2026-02-27 20:15:02.490133,5,5,20,LOW
2026-02-27 20:15:02.548125,4,4,20,LOW
2026-02-27 20:15:02.602956,5,4,20,LOW
2026-02-27 20:15:02.657769,6,4,20,LOW
2026-02-27 20:15:02.714851,6,4,20,LOW
2026-02-27 20:15:02.770846,5,4,20,LOW
2026-02-27 20:15:02.825079,6,4,20,LOW
2026-02-27 20:15:02.889173,5,5,20,LOW
2026-02-27 20:15:02.946467,4,5,20,LOW
2026-02-27 20:15:02.998828,5,4,20,LOW
2026-02-27 20:15:03.051525,4,4,20,LOW
2026-02-27 20:15:03.106592,6,5,20,LOW
2026-02-27 20:15:03.162467,6,5,20,LOW
2026-02-27 20:18:38.465969,17,17,20,MEDIUM
2026-02-27 20:18:38.582836,21,19,20,MEDIUM
2026-02-27 20:18:38.655399,20,19,20,MEDIUM
2026-02-27 20:18:38.726879,19,19,20,MEDIUM
2026-02-27 20:18:38.799377,20,19,20,MEDIUM
2026-02-27 20:18:38.872198,21,19,20,MEDIUM
2026-02-27 20:18:38.941894,20,19,20,MEDIUM
2026-02-27 20:18:39.012689,17,19,20,MEDIUM
2026-02-27 20:18:39.080499,18,19,20,MEDIUM
2026-02-27 20:18:39.145208,18,19,20,MEDIUM
2026-02-27 20:18:39.217421,19,19,20,MEDIUM
2026-02-27 20:18:39.291068,21,19,20,MEDIUM
2026-02-27 20:18:39.366037,19,19,20,MEDIUM
2026-02-27 20:18:39.432959,20,19,20,MEDIUM
2026-02-27 20:18:39.500327,20,19,20,MEDIUM
2026-02-27 20:18:39.574277,20,19,20,MEDIUM
2026-02-27 20:18:39.645292,23,19,20,MEDIUM
2026-02-27 20:18:39.713231,21,19,20,MEDIUM
2026-02-27 20:18:39.782202,21,19,20,MEDIUM
2026-02-27 20:18:39.856473,19,19,20,MEDIUM
2026-02-27 20:18:39.930743,22,19,20,MEDIUM
2026-02-27 20:18:40.000396,23,20,20,MEDIUM
2026-02-27 20:18:40.073315,21,20,20,MEDIUM
2026-02-27 20:18:40.143724,19,20,20,MEDIUM
2026-02-27 20:18:40.211618,19,20,20,MEDIUM
2026-02-27 20:18:40.284855,18,19,20,MEDIUM
2026-02-27 20:18:40.352610,17,19,20,MEDIUM
2026-02-27 20:18:40.423598,16,19,20,MEDIUM
2026-02-27 20:18:40.498265,18,19,20,MEDIUM
2026-02-27 20:18:40.573270,16,19,20,MEDIUM
2026-02-27 20:18:40.643693,17,19,20,MEDIUM
2026-02-27 20:18:40.712729,16,19,20,MEDIUM
2026-02-27 20:18:40.782847,17,19,20,MEDIUM
2026-02-27 20:18:40.850178,15,18,20,MEDIUM
2026-02-27 20:18:40.925476,16,18,20,MEDIUM
2026-02-27 20:18:41.000571,15,18,20,MEDIUM
2026-02-27 20:18:41.077711,18,18,20,MEDIUM
2026-02-27 20:18:41.153143,17,18,20,MEDIUM
2026-02-27 20:18:41.225776,15,17,20,MEDIUM
2026-02-27 20:18:41.302046,16,17,20,MEDIUM
2026-02-27 20:18:41.380656,15,17,20,MEDIUM
2026-02-27 20:18:41.455337,14,16,20,MEDIUM
2026-02-27 20:18:41.528692,14,16,20,MEDIUM
2026-02-27 20:18:41.597706,14,16,20,MEDIUM
2026-02-27 20:18:41.672654,16,16,20,MEDIUM
2026-02-27 20:18:41.751583,14,15,20,LOW
2026-02-27 20:18:41.825155,14,15,20,LOW
2026-02-27 20:18:41.899511,14,15,20,LOW
2026-02-27 20:18:41.968163,16,15,20,LOW
2026-02-27 20:18:42.040699,17,15,20,LOW
2026-02-27 20:18:42.113926,15,15,20,LOW
2026-02-27 20:18:42.184684,15,15,20,LOW
2026-02-27 20:18:42.258181,16,15,20,LOW
2026-02-27 20:18:42.326604,15,15,20,LOW
2026-02-27 20:18:42.394517,16,15,20,LOW
2026-02-27 20:18:42.462241,15,15,20,LOW
2026-02-27 20:18:42.530035,16,15,20,LOW
2026-02-27 20:18:42.612242,14,15,20,LOW
2026-02-27 20:18:42.692887,15,15,20,LOW
2026-02-27 20:18:42.765158,12,14,20,LOW
2026-02-27 20:18:42.838088,13,14,20,LOW
2026-02-27 20:18:42.912425,13,14,20,LOW
2026-02-27 20:18:42.988687,14,14,20,LOW
2026-02-27 20:18:43.062391,14,14,20,LOW
2026-02-27 20:18:43.140905,13,14,20,LOW
2026-02-27 20:18:43.213677,13,14,20,LOW
2026-02-27 20:18:43.284405,14,14,20,LOW
2026-02-27 20:18:43.356751,14,14,20,LOW
2026-02-27 20:18:43.430033,14,14,20,LOW
2026-02-27 20:18:43.499630,14,14,20,LOW
2026-02-27 20:18:43.571904,14,14,20,LOW
2026-02-27 20:18:43.649312,15,14,20,LOW
2026-02-27 20:18:43.723368,15,14,20,LOW
2026-02-27 20:18:43.797573,15,14,20,LOW
2026-02-27 20:18:43.868468,15,14,20,LOW
2026-02-27 20:18:43.939794,15,14,20,LOW
2026-02-27 20:18:44.011264,16,14,20,LOW
2026-02-27 20:18:44.096405,14,14,20,LOW
2026-02-27 20:18:44.165334,14,14,20,LOW
2026-02-27 20:18:44.236368,14,14,20,LOW
2026-02-27 20:18:44.304148,15,14,20,LOW
2026-02-27 20:18:44.371273,15,14,20,LOW
2026-02-27 20:18:44.438919,14,14,20,LOW
2026-02-27 20:18:44.511113,14,14,20,LOW
2026-02-27 20:18:44.584511,16,14,20,LOW
2026-02-27 20:18:44.659332,16,14,20,LOW
2026-02-27 20:18:44.732979,16,14,20,LOW
2026-02-27 20:18:44.801168,13,14,20,LOW
2026-02-27 20:18:44.871527,12,14,20,LOW
2026-02-27 20:18:44.938307,12,14,20,LOW
2026-02-27 20:18:45.005592,13,14,20,LOW
2026-02-27 20:18:45.072417,14,14,20,LOW
2026-02-27 20:18:45.138912,14,14,20,LOW
2026-02-27 20:18:45.219028,15,14,20,LOW
2026-02-27 20:18:45.292424,12,14,20,LOW
2026-02-27 20:18:45.363504,14,14,20,LOW
2026-02-27 20:18:45.426830,15,14,20,LOW
2026-02-27 20:18:45.496771,14,14,20,LOW
2026-02-27 20:18:45.567685,14,14,20,LOW
2026-02-27 20:18:45.638537,13,14,20,LOW
2026-02-27 20:18:45.705032,15,14,20,LOW
2026-02-27 20:18:45.771818,12,13,20,LOW
2026-02-27 20:18:45.842166,12,13,20,LOW
2026-02-27 20:18:45.909734,14,13,20,LOW
2026-02-27 20:18:45.970915,11,13,20,LOW
2026-02-27 20:18:46.038146,13,13,20,LOW
2026-02-27 20:18:46.099134,12,13,20,LOW
2026-02-27 20:18:46.162981,14,13,20,LOW
2026-02-27 20:18:46.229703,15,13,20,LOW
2026-02-27 20:18:46.300392,16,13,20,LOW
2026-02-27 20:18:46.368854,13,13,20,LOW
2026-02-27 20:18:46.433486,13,13,20,LOW
2026-02-27 20:18:46.499610,14,13,20,LOW
2026-02-27 20:18:46.564947,15,13,20,LOW
2026-02-27 20:18:46.633744,13,13,20,LOW
2026-02-27 20:18:46.701005,13,13,20,LOW
2026-02-27 20:18:46.765115,13,13,20,LOW
2026-02-27 20:18:46.844317,14,13,20,LOW
2026-02-27 20:18:46.914104,16,13,20,LOW
2026-02-27 20:18:46.985817,16,13,20,LOW
2026-02-27 20:18:47.051512,16,13,20,LOW
2026-02-27 20:18:47.119075,16,13,20,LOW
2026-02-27 20:18:47.184907,16,14,20,LOW
2026-02-27 20:18:47.253508,16,14,20,LOW
2026-02-27 20:18:47.321711,13,14,20,LOW
2026-02-27 20:18:47.387359,16,14,20,LOW
2026-02-27 20:18:47.460902,16,14,20,LOW
2026-02-27 20:18:47.533372,14,14,20,LOW
2026-02-27 20:18:47.596618,15,14,20,LOW
2026-02-27 20:18:47.666419,15,14,20,LOW
2026-02-27 20:18:47.733595,13,14,20,LOW
2026-02-27 20:18:47.800822,17,14,20,LOW
2026-02-27 20:18:47.872368,14,14,20,LOW
2026-02-27 20:18:47.938782,15,14,20,LOW
2026-02-27 20:18:48.009057,13,14,20,LOW
2026-02-27 20:18:48.076586,12,14,20,LOW
2026-02-27 20:18:48.143978,11,14,20,LOW
2026-02-27 20:18:48.209432,14,14,20,LOW
2026-02-27 20:18:48.274385,13,14,20,LOW
2026-02-27 20:18:48.336533,14,14,20,LOW
2026-02-27 20:18:48.401636,13,14,20,LOW
2026-02-27 20:18:48.464553,13,14,20,LOW
2026-02-27 20:18:48.535188,15,14,20,LOW
2026-02-27 20:18:48.607092,13,13,20,LOW
2026-02-27 20:18:48.690081,14,14,20,LOW
2026-02-27 20:18:48.759935,14,13,20,LOW
2026-02-27 20:18:48.827063,15,13,20,LOW
2026-02-27 20:18:48.900058,14,13,20,LOW
2026-02-27 20:18:48.964621,15,13,20,LOW
2026-02-27 20:18:49.034925,12,13,20,LOW
2026-02-27 20:18:49.101019,18,13,20,LOW
2026-02-27 20:18:49.171394,16,13,20,LOW
2026-02-27 20:18:49.235787,17,14,20,LOW
2026-02-27 20:18:49.297212,18,14,20,LOW
2026-02-27 20:18:49.363873,16,14,20,LOW
2026-02-27 20:18:49.426602,15,14,20,LOW
2026-02-27 20:18:49.495266,15,14,20,LOW
2026-02-27 20:18:49.561914,16,14,20,LOW
2026-02-27 20:18:49.653229,15,14,20,LOW
2026-02-27 20:18:49.725389,16,15,20,LOW
2026-02-27 20:18:49.796481,18,15,20,LOW
2026-02-27 20:18:49.865785,16,15,20,LOW
2026-02-27 20:18:49.933924,13,15,20,LOW
2026-02-27 20:18:50.002258,15,15,20,LOW
2026-02-27 20:18:50.067738,13,15,20,LOW
2026-02-27 20:18:50.134708,15,15,20,LOW
2026-02-27 20:18:50.205879,13,15,20,LOW
2026-02-27 20:18:50.272746,17,15,20,LOW
2026-02-27 20:18:50.344639,16,15,20,LOW
2026-02-27 20:18:50.413394,15,15,20,LOW
2026-02-27 20:18:50.480778,16,15,20,LOW
2026-02-27 20:18:50.544688,15,15,20,LOW
2026-02-27 20:18:50.607318,13,15,20,LOW
2026-02-27 20:18:50.673328,12,15,20,LOW
2026-02-27 20:18:50.742421,12,14,20,LOW
2026-02-27 20:18:50.811069,14,14,20,LOW
2026-02-27 20:18:50.879578,15,14,20,LOW
2026-02-27 20:18:50.948193,17,14,20,LOW
2026-02-27 20:18:51.010533,14,14,20,LOW
2026-02-27 20:18:51.078968,17,14,20,LOW
2026-02-27 20:18:51.150417,13,14,20,LOW
2026-02-27 20:18:51.218608,13,14,20,LOW
2026-02-27 20:18:51.285518,12,14,20,LOW
2026-02-27 20:18:51.351281,13,14,20,LOW
2026-02-27 20:18:51.422634,12,14,20,LOW
2026-02-27 20:18:51.504340,14,14,20,LOW
2026-02-27 20:18:51.575615,11,14,20,LOW
2026-02-27 20:18:51.642967,14,13,20,LOW
2026-02-27 20:18:51.716917,12,13,20,LOW
2026-02-27 20:18:51.787161,14,13,20,LOW
2026-02-27 20:18:51.865817,13,13,20,LOW
2026-02-27 20:18:51.937611,12,13,20,LOW
2026-02-27 20:18:52.001285,10,13,20,LOW
2026-02-27 20:18:52.065237,9,13,20,LOW
2026-02-27 20:18:52.135528,15,13,20,LOW
2026-02-27 20:18:52.202381,13,13,20,LOW
2026-02-27 20:18:52.287924,13,13,20,LOW
2026-02-27 20:18:52.362089,13,12,20,LOW
2026-02-27 20:18:52.432275,10,12,20,LOW
2026-02-27 20:18:52.504195,12,12,20,LOW
2026-02-27 20:18:52.583454,10,12,20,LOW
2026-02-27 20:18:52.659995,8,12,20,LOW
2026-02-27 20:18:52.730392,12,12,20,LOW
2026-02-27 20:18:52.803076,11,11,20,LOW
2026-02-27 20:18:52.868695,10,11,20,LOW
2026-02-27 20:18:52.935870,12,11,20,LOW
2026-02-27 20:18:53.005450,14,11,20,LOW
2026-02-27 20:18:53.076747,14,11,20,LOW
2026-02-27 20:18:53.143240,14,11,20,LOW
2026-02-27 20:18:53.213958,16,12,20,LOW
2026-02-27 20:18:53.286447,17,12,20,LOW
2026-02-27 20:18:53.356062,17,12,20,LOW
2026-02-27 20:18:53.426546,19,12,20,LOW
2026-02-27 20:18:53.496731,16,13,20,LOW
2026-02-27 20:18:53.566784,17,13,20,LOW
2026-02-27 20:18:53.640819,18,13,20,LOW
2026-02-27 20:18:53.713928,17,13,20,LOW
2026-02-27 20:18:53.787522,17,14,20,LOW
2026-02-27 20:18:53.860179,16,14,20,LOW
2026-02-27 20:18:53.935456,18,14,20,LOW
2026-02-27 20:18:54.007064,18,15,20,LOW
2026-02-27 20:18:54.079271,19,15,20,LOW
2026-02-27 20:18:54.172966,18,15,20,LOW
2026-02-27 20:18:54.248773,18,16,20,MEDIUM
2026-02-27 20:18:54.324215,19,16,20,MEDIUM
2026-02-27 20:18:54.391622,17,16,20,MEDIUM
2026-02-27 20:18:54.460535,17,17,20,MEDIUM
2026-02-27 20:18:54.531804,17,17,20,MEDIUM
2026-02-27 20:18:54.600145,19,17,20,MEDIUM
2026-02-27 20:18:54.673328,19,17,20,MEDIUM
2026-02-27 20:18:54.743776,17,17,20,MEDIUM
2026-02-27 20:18:54.815332,18,17,20,MEDIUM
2026-02-27 20:18:54.885252,14,17,20,MEDIUM
2026-02-27 20:18:54.954843,14,17,20,MEDIUM
2026-02-27 20:18:55.027624,17,17,20,MEDIUM
2026-02-27 20:18:55.102771,15,17,20,MEDIUM
2026-02-27 20:18:55.173709,14,17,20,MEDIUM
2026-02-27 20:18:55.257840,16,17,20,MEDIUM
2026-02-27 20:18:55.337173,13,16,20,MEDIUM
2026-02-27 20:18:55.416829,14,16,20,MEDIUM
2026-02-27 20:18:55.495494,12,16,20,MEDIUM
2026-02-27 20:18:55.572397,12,16,20,MEDIUM
2026-02-27 20:18:55.652553,15,15,20,LOW
2026-02-27 20:18:55.730896,13,15,20,LOW
2026-02-27 20:18:55.808554,13,15,20,LOW
2026-02-27 20:18:55.887412,14,15,20,LOW
2026-02-27 20:18:55.967009,12,14,20,LOW
2026-02-27 20:18:56.044193,16,14,20,LOW
2026-02-27 20:18:56.149551,14,14,20,LOW
2026-02-27 20:18:56.229331,14,14,20,LOW
2026-02-27 20:18:56.308228,15,14,20,LOW
2026-02-27 20:18:56.385691,15,14,20,LOW
2026-02-27 20:18:56.463415,14,14,20,LOW
2026-02-27 20:18:56.535945,15,14,20,LOW
2026-02-27 20:18:56.615906,13,13,20,LOW
2026-02-27 20:18:56.691809,14,13,20,LOW
2026-02-27 20:18:56.771126,14,13,20,LOW
2026-02-27 20:18:56.851308,15,13,20,LOW
2026-02-27 20:18:56.940812,15,13,20,LOW
2026-02-27 20:18:57.016183,15,14,20,LOW
2026-02-27 20:18:57.091827,15,14,20,LOW
2026-02-27 20:18:57.166195,17,14,20,LOW
2026-02-27 20:18:57.246112,17,14,20,LOW
2026-02-27 20:18:57.324409,15,14,20,LOW
2026-02-27 20:18:57.403249,17,14,20,LOW
2026-02-27 20:18:57.483954,17,14,20,LOW
2026-02-27 20:18:57.561538,15,15,20,LOW
2026-02-27 20:18:57.641575,16,15,20,LOW
2026-02-27 20:18:57.718102,15,15,20,LOW
2026-02-27 20:18:57.796403,16,15,20,LOW
2026-02-27 20:18:57.873650,16,15,20,LOW
2026-02-27 20:18:57.950177,16,15,20,LOW
2026-02-27 20:18:58.028852,15,15,20,LOW
2026-02-27 20:18:58.103185,13,15,20,LOW
2026-02-27 20:18:58.180726,14,15,20,LOW
2026-02-27 20:18:58.258260,13,15,20,LOW
2026-02-27 20:18:58.332197,13,15,20,LOW
2026-02-27 20:18:58.408614,15,15,20,LOW
2026-02-27 20:18:58.483741,16,15,20,LOW
2026-02-27 20:18:58.559069,16,15,20,LOW
2026-02-27 20:18:58.634235,15,15,20,LOW
2026-02-27 20:18:58.709320,14,15,20,LOW
2026-02-27 20:18:58.781893,11,14,20,LOW
2026-02-27 20:18:58.856053,12,14,20,LOW
2026-02-27 20:18:58.931448,13,14,20,LOW
2026-02-27 20:18:59.006542,13,14,20,LOW
2026-02-27 20:18:59.083106,15,14,20,LOW
2026-02-27 20:18:59.159582,17,14,20,LOW
2026-02-27 20:18:59.236726,16,14,20,LOW
2026-02-27 20:18:59.316465,12,14,20,LOW
2026-02-27 20:18:59.390487,12,14,20,LOW
2026-02-27 20:18:59.479133,13,13,20,LOW
2026-02-27 20:18:59.554474,13,13,20,LOW
2026-02-27 20:18:59.633273,14,13,20,LOW
2026-02-27 20:18:59.712979,14,13,20,LOW
2026-02-27 20:18:59.794772,14,13,20,LOW
2026-02-27 20:18:59.867035,15,14,20,LOW
2026-02-27 20:18:59.943248,14,13,20,LOW
2026-02-27 20:19:00.020176,14,13,20,LOW
2026-02-27 20:19:00.116744,14,13,20,LOW
2026-02-27 20:19:00.193146,14,13,20,LOW
2026-02-27 20:19:00.268276,14,13,20,LOW
2026-02-27 20:19:00.348365,12,13,20,LOW
2026-02-27 20:19:00.428351,10,13,20,LOW
2026-02-27 20:19:00.501899,12,13,20,LOW
2026-02-27 20:19:00.578162,11,13,20,LOW
2026-02-27 20:19:00.652980,12,13,20,LOW
2026-02-27 20:19:00.728032,12,13,20,LOW
2026-02-27 20:19:00.804011,12,12,20,LOW
2026-02-27 20:19:00.881010,11,12,20,LOW
2026-02-27 20:19:00.955992,12,12,20,LOW
2026-02-27 20:19:01.034370,11,12,20,LOW
2026-02-27 20:19:01.105106,13,12,20,LOW
2026-02-27 20:19:01.181705,13,12,20,LOW
2026-02-27 20:19:01.254496,13,12,20,LOW
2026-02-27 20:19:01.333838,11,12,20,LOW
2026-02-27 20:19:01.410854,12,12,20,LOW
2026-02-27 20:19:01.486922,12,12,20,LOW
2026-02-27 20:19:01.562793,12,12,20,LOW
2026-02-27 20:19:01.639216,11,12,20,LOW
2026-02-27 20:19:01.717816,13,11,20,LOW
2026-02-27 20:19:01.790938,11,11,20,LOW
2026-02-27 20:19:01.867669,13,11,20,LOW
2026-02-27 20:19:01.943077,14,12,20,LOW
2026-02-27 20:19:02.020674,11,12,20,LOW
2026-02-27 20:19:02.097082,11,12,20,LOW
2026-02-27 20:19:02.169044,10,11,20,LOW
2026-02-27 20:19:02.241105,12,11,20,LOW
2026-02-27 20:19:02.312445,11,11,20,LOW
2026-02-27 20:19:02.384574,13,11,20,LOW
2026-02-27 20:19:02.460112,10,11,20,LOW
2026-02-27 20:19:02.534296,11,11,20,LOW
2026-02-27 20:19:02.607426,11,11,20,LOW
2026-02-27 20:19:02.682221,10,11,20,LOW
2026-02-27 20:19:02.755142,11,11,20,LOW
2026-02-27 20:19:02.832921,12,11,20,LOW
2026-02-27 20:19:02.908160,10,11,20,LOW
2026-02-27 20:19:02.980504,9,11,20,LOW
2026-02-27 20:19:03.054324,11,11,20,LOW
2026-02-27 20:19:03.131360,12,11,20,LOW
2026-02-27 20:19:03.205055,10,11,20,LOW
2026-02-27 20:19:03.295244,9,11,20,LOW
2026-02-27 20:19:03.371819,12,11,20,LOW
2026-02-27 20:19:03.447277,8,10,20,LOW
2026-02-27 20:19:03.523021,10,10,20,LOW
2026-02-27 20:19:03.596355,13,10,20,LOW
2026-02-27 20:19:03.669611,16,11,20,LOW
2026-02-27 20:19:03.743089,14,11,20,LOW
2026-02-27 20:19:03.815700,14,11,20,LOW
2026-02-27 20:19:03.889259,13,11,20,LOW
2026-02-27 20:19:03.958391,13,11,20,LOW
2026-02-27 20:19:04.029247,15,11,20,LOW
2026-02-27 20:19:04.101549,10,11,20,LOW
2026-02-27 20:19:04.171594,11,11,20,LOW
2026-02-27 20:19:04.241776,10,11,20,LOW
2026-02-27 20:19:04.312614,12,11,20,LOW
2026-02-27 20:19:04.384691,13,11,20,LOW
2026-02-27 20:19:04.457538,13,11,20,LOW
2026-02-27 20:19:04.529745,13,12,20,LOW
2026-02-27 20:19:04.601210,12,12,20,LOW
2026-02-27 20:19:04.671853,12,12,20,LOW
2026-02-27 20:19:04.743208,14,12,20,LOW
2026-02-27 20:19:04.817475,11,12,20,LOW
2026-02-27 20:19:04.887179,11,12,20,LOW
2026-02-27 20:19:04.959091,12,12,20,LOW
2026-02-27 20:19:05.029359,12,12,20,LOW
2026-02-27 20:19:05.102966,12,12,20,LOW
2026-02-27 20:19:05.176424,11,12,20,LOW
2026-02-27 20:19:05.249919,13,12,20,LOW
2026-02-27 20:19:05.323833,13,12,20,LOW
2026-02-27 20:19:05.395319,13,12,20,LOW
2026-02-27 20:19:05.466305,14,12,20,LOW
2026-02-27 20:19:05.538359,12,12,20,LOW
2026-02-27 20:19:05.609568,16,12,20,LOW
2026-02-27 20:19:05.682688,16,12,20,LOW
2026-02-27 20:19:05.755409,15,12,20,LOW
2026-02-27 20:19:05.830611,15,13,20,LOW
2026-02-27 20:19:05.907416,14,13,20,LOW
2026-02-27 20:19:05.983272,14,13,20,LOW
2026-02-27 20:19:06.056504,13,13,20,LOW
2026-02-27 20:19:06.128634,13,13,20,LOW
2026-02-27 20:19:06.199813,12,13,20,LOW
2026-02-27 20:19:06.271504,14,13,20,LOW
2026-02-27 20:19:06.343227,13,13,20,LOW
2026-02-27 20:19:06.414155,12,13,20,LOW
2026-02-27 20:19:06.497716,12,13,20,LOW
2026-02-27 20:19:06.568667,12,13,20,LOW
2026-02-27 20:19:06.640280,11,13,20,LOW
2026-02-27 20:19:06.711675,13,13,20,LOW
2026-02-27 20:19:06.785644,14,13,20,LOW
2026-02-27 20:19:06.860340,17,13,20,LOW
2026-02-27 20:19:06.934007,16,13,20,LOW
2026-02-27 20:19:07.006888,15,13,20,LOW
2026-02-27 20:19:07.081033,14,13,20,LOW
2026-02-27 20:19:07.154238,15,13,20,LOW
2026-02-27 20:19:07.228392,15,13,20,LOW
2026-02-27 20:19:07.301676,15,13,20,LOW
2026-02-27 20:19:07.372529,11,13,20,LOW
2026-02-27 20:19:07.442152,12,13,20,LOW
2026-02-27 20:19:07.513298,13,13,20,LOW
2026-02-27 20:19:07.585146,12,13,20,LOW
2026-02-27 20:19:07.655119,15,13,20,LOW
2026-02-27 20:19:07.728604,16,13,20,LOW
2026-02-27 20:19:07.801489,15,13,20,LOW
2026-02-27 20:19:07.890959,17,14,20,LOW
2026-02-27 20:19:07.965935,15,14,20,LOW
2026-02-27 20:19:08.040553,13,14,20,LOW
2026-02-27 20:19:08.113507,13,14,20,LOW
2026-02-27 20:19:08.193578,17,14,20,LOW
2026-02-27 20:19:08.268875,18,14,20,LOW
2026-02-27 20:19:08.341510,18,14,20,LOW
2026-02-27 20:19:08.414625,18,14,20,LOW
2026-02-27 20:19:08.487561,21,15,20,LOW
2026-02-27 20:19:08.561497,18,15,20,LOW
2026-02-27 20:19:08.630436,17,15,20,LOW
2026-02-27 20:19:08.704214,16,15,20,LOW
2026-02-27 20:19:08.779452,15,15,20,LOW
2026-02-27 20:19:08.861699,16,15,20,LOW
2026-02-27 20:19:08.934570,14,15,20,LOW
2026-02-27 20:19:09.004915,17,16,20,MEDIUM
2026-02-27 20:19:09.077923,17,16,20,MEDIUM
2026-02-27 20:19:09.150710,16,16,20,MEDIUM
2026-02-27 20:19:09.223469,18,16,20,MEDIUM
2026-02-27 20:19:09.294970,17,16,20,MEDIUM
2026-02-27 20:19:09.367682,20,16,20,MEDIUM
2026-02-27 20:19:09.441308,19,16,20,MEDIUM
2026-02-27 20:19:09.515925,16,17,20,MEDIUM
2026-02-27 20:19:09.588363,16,17,20,MEDIUM
2026-02-27 20:19:09.672423,19,17,20,MEDIUM
2026-02-27 20:19:09.748105,17,17,20,MEDIUM
2026-02-27 20:19:09.822671,16,17,20,MEDIUM
2026-02-27 20:19:09.895651,19,17,20,MEDIUM
2026-02-27 20:19:09.967104,16,16,20,MEDIUM
2026-02-27 20:19:10.039290,17,16,20,MEDIUM
2026-02-27 20:19:10.112858,15,16,20,MEDIUM
2026-02-27 20:19:10.185836,15,16,20,MEDIUM
2026-02-27 20:19:10.258877,16,16,20,MEDIUM
2026-02-27 20:19:10.331175,17,16,20,MEDIUM
2026-02-27 20:19:10.404264,14,16,20,MEDIUM
2026-02-27 20:19:10.477356,13,16,20,MEDIUM
2026-02-27 20:19:10.547025,13,16,20,MEDIUM
2026-02-27 20:19:10.617573,14,16,20,MEDIUM
2026-02-27 20:19:10.691586,15,16,20,MEDIUM
2026-02-27 20:19:10.764795,14,16,20,MEDIUM
2026-02-27 20:19:10.836114,13,15,20,LOW
2026-02-27 20:19:10.907667,12,15,20,LOW
2026-02-27 20:19:10.979678,14,15,20,LOW
2026-02-27 20:19:11.051284,12,15,20,LOW
2026-02-27 20:19:11.121209,13,14,20,LOW
2026-02-27 20:19:11.191342,14,14,20,LOW
2026-02-27 20:19:11.262135,13,14,20,LOW
2026-02-27 20:19:11.332115,16,14,20,LOW
2026-02-27 20:19:11.402760,16,14,20,LOW
2026-02-27 20:19:11.473293,16,14,20,LOW
2026-02-27 20:19:11.544021,16,14,20,LOW
2026-02-27 20:19:11.616019,15,14,20,LOW
2026-02-27 20:19:11.688704,14,14,20,LOW
2026-02-27 20:19:11.770348,15,14,20,LOW
2026-02-27 20:19:11.842946,15,14,20,LOW
2026-02-27 20:19:11.914079,12,14,20,LOW
2026-02-27 20:19:11.984366,15,14,20,LOW
2026-02-27 20:19:12.057270,13,14,20,LOW
2026-02-27 20:19:12.129562,12,14,20,LOW
2026-02-27 20:19:12.199999,13,13,20,LOW
2026-02-27 20:19:12.273338,13,13,20,LOW
2026-02-27 20:19:12.345441,15,14,20,LOW
2026-02-27 20:19:12.418553,17,14,20,LOW
2026-02-27 20:19:12.491771,14,14,20,LOW
2026-02-27 20:19:12.564086,11,14,20,LOW
2026-02-27 20:19:12.636316,13,14,20,LOW
2026-02-27 20:19:12.708773,13,14,20,LOW
2026-02-27 20:19:12.783693,13,14,20,LOW
2026-02-27 20:19:12.857460,14,13,20,LOW
2026-02-27 20:19:12.931095,13,13,20,LOW
2026-02-27 20:19:13.006893,12,13,20,LOW
2026-02-27 20:19:13.081349,12,13,20,LOW
2026-02-27 20:19:13.154724,11,13,20,LOW
2026-02-27 20:19:13.226575,11,13,20,LOW
2026-02-27 20:19:13.298194,11,12,20,LOW
2026-02-27 20:19:13.372350,12,12,20,LOW
2026-02-27 20:19:13.445568,13,12,20,LOW
2026-02-27 20:19:13.519022,10,12,20,LOW
2026-02-27 20:19:13.589946,10,12,20,LOW
2026-02-27 20:19:13.660511,8,12,20,LOW
2026-02-27 20:19:13.730998,9,12,20,LOW
2026-02-27 20:19:13.802610,10,11,20,LOW
2026-02-27 20:19:13.871262,8,11,20,LOW
2026-02-27 20:19:13.939689,8,11,20,LOW
2026-02-27 20:19:14.009081,8,10,20,LOW
2026-02-27 20:19:14.075207,8,10,20,LOW
2026-02-27 20:19:14.144570,10,10,20,LOW
2026-02-27 20:19:14.213888,11,10,20,LOW
2026-02-27 20:19:14.282631,9,10,20,LOW
2026-02-27 20:19:14.349047,7,9,20,LOW
2026-02-27 20:19:14.416770,9,9,20,LOW
2026-02-27 20:19:14.484860,9,9,20,LOW
2026-02-27 20:19:14.555724,7,9,20,LOW
2026-02-27 20:19:14.621712,12,9,20,LOW
2026-02-27 20:19:14.689862,6,9,20,LOW
2026-02-27 20:19:14.763052,7,8,20,LOW
2026-02-27 20:19:14.829854,10,8,20,LOW
2026-02-27 20:19:14.897852,7,8,20,LOW
2026-02-27 20:19:14.964069,9,8,20,LOW
2026-02-27 20:19:15.031381,9,8,20,LOW
2026-02-27 20:19:15.099183,9,8,20,LOW
2026-02-27 20:19:15.166438,9,8,20,LOW
2026-02-27 20:19:15.234719,8,8,20,LOW
2026-02-27 20:19:15.302280,10,8,20,LOW
2026-02-27 20:19:15.368049,10,8,20,LOW
2026-02-27 20:19:15.435594,10,8,20,LOW
2026-02-27 20:19:15.502843,9,8,20,LOW
2026-02-27 20:19:15.569111,11,8,20,LOW
2026-02-27 20:19:15.637198,9,8,20,LOW
2026-02-27 20:19:15.705591,10,9,20,LOW
2026-02-27 20:19:15.782831,11,9,20,LOW
2026-02-27 20:19:15.863936,11,9,20,LOW
2026-02-27 20:19:15.942044,10,9,20,LOW
2026-02-27 20:19:16.015294,11,9,20,LOW
2026-02-27 20:19:16.081743,9,9,20,LOW
2026-02-27 20:19:16.147600,9,9,20,LOW
2026-02-27 20:19:16.214777,9,9,20,LOW
2026-02-27 20:19:16.281392,9,9,20,LOW
2026-02-27 20:19:16.348580,8,9,20,LOW
2026-02-27 20:19:16.414346,9,9,20,LOW
2026-02-27 20:19:16.481519,8,9,20,LOW
2026-02-27 20:19:16.548417,8,9,20,LOW
2026-02-27 20:19:16.614533,6,9,20,LOW
2026-02-27 20:19:16.679467,6,9,20,LOW
2026-02-27 20:19:16.746189,6,8,20,LOW
2026-02-27 20:19:16.812545,5,8,20,LOW
2026-02-27 20:19:16.877077,6,8,20,LOW
2026-02-27 20:19:16.943138,6,8,20,LOW
2026-02-27 20:19:17.011184,6,8,20,LOW
2026-02-27 20:19:17.077277,6,7,20,LOW
2026-02-27 20:19:17.143660,6,7,20,LOW
2026-02-27 20:19:17.208856,5,7,20,LOW
2026-02-27 20:19:17.274924,6,7,20,LOW
2026-02-27 20:19:17.341814,7,7,20,LOW
2026-02-27 20:19:17.408926,7,6,20,LOW
2026-02-27 20:19:17.474200,6,6,20,LOW
2026-02-27 20:19:17.538401,6,6,20,LOW
2026-02-27 20:19:17.602311,6,6,20,LOW
2026-02-27 20:19:17.669131,7,6,20,LOW
2026-02-27 20:19:17.742151,7,6,20,LOW
2026-02-27 20:19:17.808957,8,6,20,LOW
2026-02-27 20:19:17.875694,8,6,20,LOW
2026-02-27 20:19:17.943674,9,6,20,LOW
2026-02-27 20:19:18.009533,7,6,20,LOW
2026-02-27 20:19:18.074346,8,6,20,LOW
2026-02-27 20:19:18.140774,7,6,20,LOW
2026-02-27 20:19:18.207187,5,6,20,LOW
2026-02-27 20:19:18.270865,5,6,20,LOW
2026-02-27 20:19:18.335086,7,6,20,LOW
2026-02-27 20:19:18.398500,7,6,20,LOW
2026-02-27 20:19:18.463299,7,6,20,LOW
2026-02-27 20:19:18.530079,7,6,20,LOW
2026-02-27 20:19:18.596377,7,6,20,LOW
2026-02-27 20:19:18.664449,5,6,20,LOW
2026-02-27 20:19:18.729101,6,6,20,LOW
2026-02-27 20:19:18.794079,8,6,20,LOW
2026-02-27 20:19:18.858980,8,6,20,LOW
2026-02-27 20:19:18.924977,9,7,20,LOW
2026-02-27 20:19:18.990790,5,7,20,LOW
2026-02-27 20:19:19.055393,5,6,20,LOW
2026-02-27 20:19:19.118962,4,6,20,LOW
2026-02-27 20:19:19.181898,7,6,20,LOW
2026-02-27 20:19:19.246672,5,6,20,LOW
2026-02-27 20:19:19.312614,5,6,20,LOW
2026-02-27 20:19:19.377984,6,6,20,LOW
2026-02-27 20:19:19.444670,6,6,20,LOW
2026-02-27 20:19:19.510953,3,6,20,LOW
2026-02-27 20:19:19.574654,5,6,20,LOW
2026-02-27 20:19:19.639920,6,6,20,LOW
2026-02-27 20:19:19.707828,5,5,20,LOW
2026-02-27 20:19:19.771905,4,5,20,LOW
2026-02-27 20:19:19.836014,4,5,20,LOW
2026-02-27 20:19:19.898853,5,5,20,LOW
2026-02-27 20:19:19.964966,5,5,20,LOW
2026-02-27 20:19:20.028650,5,5,20,LOW
2026-02-27 20:19:20.094396,5,5,20,LOW
2026-02-27 20:19:20.160011,6,5,20,LOW
2026-02-27 20:19:20.225538,5,5,20,LOW
2026-02-27 20:19:20.290695,6,5,20,LOW
2026-02-27 20:19:20.358104,6,5,20,LOW
2026-02-27 20:19:20.423584,6,5,20,LOW
2026-02-27 20:19:20.488167,5,5,20,LOW
2026-02-27 20:19:20.552132,6,5,20,LOW
2026-02-27 20:19:20.618214,6,5,20,LOW
2026-02-27 20:19:20.686304,5,5,20,LOW
2026-02-27 20:19:20.750061,5,5,20,LOW
2026-02-27 20:19:20.815581,3,5,20,LOW
2026-02-27 20:19:20.882898,5,5,20,LOW
2026-02-27 20:19:20.952987,6,5,20,LOW
2026-02-27 20:19:21.019653,5,5,20,LOW
2026-02-27 20:19:21.083511,4,5,20,LOW
2026-02-27 20:19:21.148036,5,5,20,LOW
2026-02-27 20:19:21.212808,5,5,20,LOW
2026-02-27 20:19:21.279316,5,5,20,LOW
2026-02-27 20:19:21.347302,5,5,20,LOW
2026-02-27 20:19:21.413645,6,5,20,LOW
2026-02-27 20:19:21.479063,5,5,20,LOW
2026-02-27 20:19:21.543560,4,5,20,LOW
2026-02-27 20:19:21.607855,4,5,20,LOW
2026-02-27 20:19:21.670995,5,5,20,LOW
2026-02-27 20:19:21.738541,4,4,20,LOW
2026-02-27 20:19:21.803490,5,4,20,LOW
2026-02-27 20:19:21.866023,6,4,20,LOW
2026-02-27 20:19:21.931254,6,4,20,LOW
2026-02-27 20:19:21.995337,5,4,20,LOW
2026-02-27 20:19:22.060699,6,4,20,LOW
2026-02-27 20:19:22.124478,5,5,20,LOW
2026-02-27 20:19:22.187704,4,5,20,LOW
2026-02-27 20:19:22.250423,5,4,20,LOW
2026-02-27 20:19:22.318423,4,4,20,LOW
2026-02-27 20:19:22.384442,6,5,20,LOW
2026-02-27 20:19:22.448840,6,5,20,LOW
